{"objects":[{"objectId":"apple","x":14.73999974083536,"y":17.820000070800777,"width":2,"height":2,"angle":0},{"objectId":"apple","x":12.179999981219956,"y":23.739999709472677,"width":2,"height":2,"angle":0},{"objectId":"apple","x":16.499999575570953,"y":20.339999916992195,"width":2,"height":2,"angle":0},{"objectId":"apple","x":13.53999985351564,"y":15.340000222167957,"width":2,"height":2,"angle":0}]}