{"objects":[{"objectId":"GeomRect","x":3.0000000000000013,"y":3,"width":18.019801980198018,"height":16.594059405940595,"angle":0}]}